,filename,pred,true,raw_pred
0,exploration/benign/69828c857d4824b9f850b1e0597d2c134c91114b7a0774c41dffe33b0eb23721.txt,benign,benign,-1.2698848247528076
1,exploration/malware/36791b85f3fce535e80946aa7989be789159d2ae0946d42f0c9cc60f42c967b3.txt,malware,malware,2.0165300369262695
2,exploration/malware/97c1e84e91ab397d5c803f32a5ef3311374d3364fe200637f67198bd24c67420.txt,malware,malware,2.102073907852173
3,exploration/malware/b9c1a0e8b126dfee05c8e45cad7d65ef78c79579d1a0d39a3b79686113bd6009.txt,malware,malware,1.5706238746643066
4,exploration/malware/81f626a4b8dc12bf0c970447d61a0e3f5827f04a1a85582911f59a3db5fbc1c9.txt,malware,malware,0.5996552109718323
5,exploration/malware/d0ce3b5601338dce7d675251e4c08b356436697d5e71cbc445821b36bb2bba0c.txt,malware,malware,3.5176377296447754
6,exploration/malware/83dd30b3f8fe6959ba024b27077155b867166d94c754bc0927ec186ac78c6503.txt,malware,malware,2.0802114009857178
7,exploration/malware/c0d2b5dff2ac6ba70dd7fa8bde0126b6b78baff0de1d6dac53caab8c6f4617f3.txt,malware,malware,1.8031196594238281
8,exploration/malware/751105868dc2d7a992375b71d444f75bfb6356c253925d05739fd0cb736aea64.txt,malware,malware,2.136066436767578
9,exploration/malware/82b80608c7263720e0d767535a0cc081a631da7f5d06e4fa4480716a1e1a57ae.txt,malware,malware,1.9981772899627686
10,exploration/malware/2d2fa95aa9bf662fdcd71d75dc4ddb6e322b3db907d7555450c5db9def301012.txt,benign,malware,-0.10986755788326263
11,exploration/benign/3be77cde3fe49040e294b6e4b4fceb284fcfb65279fcdcad9dc087d2d4406058.txt,benign,benign,-1.0220303535461426
12,exploration/benign/d752be52e51756f597a1e346255bf400a31063c70c9c7c724c06b2d620d5212a.txt,benign,benign,-1.5407600402832031
13,exploration/benign/3ca96b622f4af8cfdf1d65b9c1c2ee118bc924753ad95d3376b97c6f08153a54.txt,benign,benign,-1.1749804019927979
14,exploration/malware/3372ee2849ed8b9eed24f9e13db6a53a244a6d68c3cbfb4ad729801090d10c17.txt,malware,malware,2.138062000274658
15,exploration/malware/74751951816573f6f80c84c2c98022baaa96594fd978f56bd4fc7a8c28f7d691.txt,malware,malware,1.9236302375793457
0,exploration/benign/a71a16c4b2d56acc3f8e2a2c576a0b9f1fc848e02110ba70e82c3708898a3328.txt,benign,benign,-1.720109224319458
1,exploration/malware/267d50a9d0258cb537fcfc711c6ffd4c159981883bd2dcceedcf4eb86f3a3c72.txt,malware,malware,1.4106636047363281
2,exploration/malware/50fd8dca7de5544b455e86fcba6301c2e8647cf3efb145f756326b6b01013e77.txt,malware,malware,2.5327157974243164
3,exploration/benign/5e87e24e81c8389594353639f3fe59b2ac4d5d1360a316f41c7b4edb7bb56f47.txt,malware,benign,0.6115455031394958
4,exploration/malware/4580587357af810753a81ad1b27ac4746fcf5e6c1b20ec55e75f755eded57381.txt,malware,malware,3.568575382232666
5,exploration/malware/ab79df776ef07ae9abccac6472f5673c637930eb07b687983ab90d443644f268.txt,malware,malware,2.2233123779296875
6,exploration/benign/6bf6ce66b3cf86b96f4764a7908154290ca9f14915508da83d1676f14f54d097.txt,benign,benign,-0.9474083781242371
7,exploration/malware/d88753ad46df37a30b679fa5c89e5d4927b01ac49845bbaf9282f9311e639330.txt,malware,malware,1.4406616687774658
8,exploration/malware/50a9a6458ceae24a426b09cbec183d1e4e29c48df41f92ab06b7dab7554b395a.txt,malware,malware,1.7503571510314941
9,exploration/malware/90ba176fa5e9f4c0c244517b58e447c6124adcba9a07aa1563f88a44a19726eb.txt,malware,malware,2.6335458755493164
10,exploration/malware/c1be633529d1c4978d0f7d916a475369d43834e33847af0b3f6f6b9dc1b8d4ec.txt,malware,malware,3.546328067779541
11,exploration/benign/4095c33ca52203420d14bf3402cdbae1f237a221c270fae8b302a0e06664ad6c.txt,benign,benign,-0.6372469663619995
12,exploration/benign/3088b3479bf282bffbb9929a6acc9f61fe993f7ad51cfb2917205d2dbfa1fbc9.txt,benign,benign,-1.5778112411499023
13,exploration/malware/c64427e4d986d39dcb14903c96f5ff7ac5fff3f2be7471d15b398359737b1baf.txt,malware,malware,0.7802920937538147
14,exploration/benign/47b3c091ff42a93e913d777f5db830f9ccc2d150ce610d4d7e74c8c0f7510167.txt,benign,benign,-0.6752548217773438
15,exploration/malware/c8cdf0cc3fc67e50c6d1bb4cce122e8eb461b5d399a48d744193254cff85cf88.txt,malware,malware,1.211927890777588
0,exploration/benign/8ca3475c4ea7f68cf9404ae41b3bcff001cc48e0ef4b0cb73ca9e1b7972e5a83.txt,benign,benign,-1.5835156440734863
1,exploration/malware/e97dd560ac53a9cb2976f2d55403ca5e2af04a0ea62e9dac0457c51667d652aa.txt,malware,malware,1.6296656131744385
2,exploration/benign/65445303675931b6ccc3090176e6196f25bced4236b479c2753500878cd41ac7.txt,malware,benign,0.1708783507347107
3,exploration/benign/b87a5b63ce6a27c31b22feb408f23b5fbd586e9fb0b8622c87bdc5f02e59b001.txt,benign,benign,-0.5380105376243591
4,exploration/malware/15cc0964d096282e012655790f71374ad080917a74805598f1599056af8215fe.txt,malware,malware,1.9271793365478516
5,exploration/benign/04631dabeccc7d887cc5317c6de48266272f1c90920d644c08895bc956ba3b3b.txt,benign,benign,-1.0328125953674316
6,exploration/benign/2761ae5bfae0ea811c7bf7001553949c4cbca5c792e56998742b537e5ca8e322.txt,benign,benign,-0.06917422264814377
7,exploration/benign/7eef714fc5db03b3f45f8e2226e4c3876864f2baa13ca1730324147ca6957c96.txt,benign,benign,-1.3300578594207764
8,exploration/benign/fbe5548641d632402786dd2b8435d7fd312ed101c17554e69759b9f52bf52be6.txt,benign,benign,-0.7998862266540527
9,exploration/malware/5730279a9af81625b86d71d4a62c4838d943023c4dc5b665a1a68860dda2d761.txt,malware,malware,1.7604422569274902
10,exploration/benign/feb5b3512c236a338dd392ed46f27796be7621d7a6eb0cfae9e9518276c6ebe1.txt,benign,benign,-0.09595633298158646
11,exploration/malware/53289fe1e83427a8a958a72006230428fca100c8bf59c6a25fe8fface2c32a84.txt,malware,malware,1.3914611339569092
12,exploration/benign/413313e7920c29dc1219593edd2c4f8d5374f4cbcbae43ea61d6a3948c8de779.txt,benign,benign,-1.6302330493927002
13,exploration/malware/a6ebcd87033f1d34bf98ef9d106fb83e7aebad47b804cd2cb4724ff2ce0c8280.txt,malware,malware,2.0871050357818604
14,exploration/benign/ac91ee90e062cbc0e567362739b2c16de48e16accac7a31bf0c9d2ae42be4a5a.txt,benign,benign,-1.0923457145690918
15,exploration/benign/41fc284f5c860580dd5fa32de705b66be97cb01c77c9d0aea3acbe38a5f8aa96.txt,benign,benign,-0.4200388789176941
0,exploration/benign/1fcbe5d51360bee55f55c791a95df8c61f73e117bda89b9439d74df5cee7aa71.txt,malware,benign,0.13815362751483917
1,exploration/benign/ed36e4398c8bcccc7c7f34f0134620b30f8989c2c99c6244175b2a7d769e4a9f.txt,benign,benign,-0.33805346488952637
2,exploration/malware/d3b9b345c63668ce323473d1512087e020a6532b5cb2b0e36baf3a8036de8ef3.txt,malware,malware,2.075603723526001
3,exploration/malware/481d794b1706724c0d08e49100dfcc9ffa7bf356a8d2e428f95f1204219fe478.txt,malware,malware,1.8896124362945557
4,exploration/malware/98a9219c781bf308c0ef951d75832d69104d1774721b2d4d8e51d7b5bda7d960.txt,malware,malware,3.542353868484497
5,exploration/malware/af987e9949de476f955b540bd09d88fa36ad66a29a531a554761a9256cdebd17.txt,malware,malware,1.5229504108428955
6,exploration/malware/62461c13f8a4baf6a099be436ca478b4ffbcc6a3faa0c6ccd21466aae75157c1.txt,malware,malware,2.04280686378479
7,exploration/malware/21f8112d6e152f389f0910d357e511d4d7a87e03cb797abac55363f0fa568ef7.txt,malware,malware,0.26106971502304077
8,exploration/benign/ae484f4c0341f050d40d3e148be8d11ce86358349ddf3100dbf7d605780a5f95.txt,benign,benign,-0.8626567125320435
9,exploration/malware/185fb6948391dc4c55258a1c00515eb65b8076018d3b4ddd1b30fa050688a320.txt,malware,malware,1.7483527660369873
10,exploration/benign/8cf5d337ce3239c379a6f64b6018fb5bf2d39ef7f48d813c1c882f5a239703ce.txt,benign,benign,-1.345606803894043
11,exploration/malware/0d03f045d1f402dc3028be1b60df0bbd0ccd638b74a991c9aa5a78ca6e3720a8.txt,malware,malware,3.568574905395508
12,exploration/malware/f605aa9cea920819e9b25ef17ec8da76972accffaac139641f36c39fef94cd71.txt,malware,malware,1.3188896179199219
13,exploration/malware/e8c048281e26fc9f3268b7ab21b4d22a670d32766d2a32c9092a0bae882d9a28.txt,malware,malware,3.5176377296447754
14,exploration/benign/681f7986f77aba85c796fa359f48a60883a7bcd59350435f374f1f6309ed8bbd.txt,benign,benign,-0.4590510129928589
15,exploration/malware/a049ab822e4bb81911fc91056e0cb2c32f2014b4b7038f4d352bea5ad5a093a4.txt,malware,malware,1.9912118911743164
0,exploration/benign/ed6018064304e2af770c74e57a8d405d045c568c781bffd7e29bfecaaa3a80ea.txt,benign,benign,-1.3491244316101074
1,exploration/malware/fc78c10042a904c8d19dbc9a0a77407ca382f5eb35b4a7bc23c5617bb2121c7f.txt,malware,malware,2.213743209838867
2,exploration/benign/341e757fe21e236ff2162c678f940558196ae1988a5f5efc4a4b25e425fa0ea0.txt,benign,benign,-0.16662278771400452
3,exploration/benign/c85f81c3417f5946e73204b1f62037ed7c390cbaf3d21e87be2b583f69001d70.txt,benign,benign,-1.0845251083374023
4,exploration/malware/63a896b51643d7fa3aecb15549844d296c9592117e4d8c468e7a36ffe983fa40.txt,malware,malware,3.5340049266815186
5,exploration/benign/bb13a981b2537e60e86ffcc1e55706a1e5b3814b03194ef859a1816e7a3c667a.txt,benign,benign,-1.2867217063903809
6,exploration/benign/a84c087174debb180c08f21b78342508b876b237f954bbe9c3940e0eb104f95b.txt,malware,benign,0.7261699438095093
7,exploration/benign/e3827378118993c34eced29d9de0ad006f356667d4e37be9776dfe59a7c3a24b.txt,benign,benign,-0.8430247902870178
8,exploration/malware/9b965819374d2222e002b24c484d5cb464faa186829024d8b497f6de0bce6528.txt,malware,malware,2.1257383823394775
9,exploration/malware/e2d53e45b4e27eb9daf93e385793fac839a49fee443b7eeff83437cb428878a2.txt,malware,malware,3.5176377296447754
10,exploration/benign/e82b3e2d357ecdebc189379f79f2b354d34c7af1a1d56de51ad5a539059dcf61.txt,benign,benign,-0.7781169414520264
11,exploration/malware/b7a25d8ff7e544f72275fb6db98bf22c0b0d30162419e746054363c43c3dd821.txt,malware,malware,0.903580904006958
12,exploration/benign/10feeb1b0fde32e0d3699bb8bb8558fafb03da45b7d204dd5b7200439a39cf2f.txt,benign,benign,-1.2909879684448242
13,exploration/benign/d2ada925cc2e903b176ca03851fdcb44250ad69918063e14426c7b7ffe63c3e5.txt,benign,benign,-1.1276695728302002
14,exploration/benign/c3f865f60ea816281c90cca306f592c65bdc204bbf8b0c6a3140b0500cdc75e8.txt,benign,benign,-1.3655288219451904
15,exploration/benign/91779f713e033d6d181d1f08e523c1356e3466308f19436fb9ebbc95f9364af0.txt,benign,benign,-1.4090161323547363
0,exploration/benign/6b8bac4f5ebde2f753eb93bc91b3b2619e8f0b0a74521d16f4ebebae0b2e102b.txt,benign,benign,-0.9607876539230347
1,exploration/benign/852b7a4831b702ec280c32fdcfd3d1cbfe3ab24884207d811933191d5162bf99.txt,benign,benign,-0.2365882843732834
2,exploration/malware/84364dd4a932b16e4324e791243475afc5c2abda3d08bd290f47c0df5449246a.txt,benign,malware,-0.9896472692489624
3,exploration/benign/dd7a6d34e1a7b599d76ca9a895a1fd10c7dba227dd402a8782316b8f6a53aa10.txt,benign,benign,-0.8996599912643433
4,exploration/malware/24193d81035a9eb62a68577095108bb274681be298b4a9285baba5792707e109.txt,malware,malware,2.138195514678955
5,exploration/benign/29ae907901b116a8d656672706e9f3f9467c84c914c47a65176c6a2e9a428ffe.txt,benign,benign,-0.9212861657142639
6,exploration/benign/d4d518c5415ace543cb348a93ab6df569ee298d18fe47ad3eb75018f5cb5f5db.txt,benign,benign,-1.1971707344055176
7,exploration/benign/9765f6a4ef2630731553c298e3bf079a7fd28d04413d0ed7dbaa697e81592252.txt,benign,benign,-1.7221596240997314
8,exploration/malware/117429bd5cfd4c82f52fb0d37333672b788b613e69d196a6dcfc18f212e0d746.txt,malware,malware,3.5481040477752686
9,exploration/benign/499343bde27d6c3fdd112b1ae48656c8e62e3dccc1fe682733c597b37f0a664d.txt,benign,benign,-0.3358754515647888
10,exploration/malware/cb441028db30d7e4efa99ee23a9491dad53ae38e7197da2b6341773229db4cd0.txt,malware,malware,1.8511550426483154
11,exploration/malware/34a1443d595446de0e1280eebcb1d20581cb8839133c1c78151cd1afd2ff2c1d.txt,malware,malware,3.517392873764038
12,exploration/benign/410d442aa93e4a593e651da540c0debd3f60d150671529a461c1c73a7f82473c.txt,benign,benign,-1.5148944854736328
13,exploration/benign/2f031a1752f7067fb9f483ae0ac5f3036c9b66cc4af40e6ae609c0aba7c886d0.txt,benign,benign,-1.6032049655914307
14,exploration/benign/d0411ed6c42fc12c860c8e43c3d993c6b210849443ba27d3219c36a8d222169b.txt,benign,benign,-1.128098726272583
15,exploration/malware/e51f3e2ab04f2de7fd84d9976c1a6cc3bec4ae1650456e65bbb3d318198498f0.txt,malware,malware,2.126620054244995
0,exploration/malware/fd5731c9f1144588e7f104d6a383802157025c8415023e9694de37389d88ff1f.txt,malware,malware,1.983147382736206
1,exploration/malware/c10663fa0483a730ec9d6733153ae896cc2b0db054011fb0c9c6d7223a2ab793.txt,malware,malware,1.325115442276001
2,exploration/malware/35e450cf85a405c13c29701de1059933551dab8e07957f9e6946edcc6d5c7986.txt,malware,malware,0.7150001525878906
3,exploration/malware/83448cba6e41dc4bd6456c78c45c478418fddf157cbedb3133006e9379295375.txt,malware,malware,1.8326547145843506
4,exploration/malware/caba43893a5d748393a09ef7c0ea802400c576d668a166aca5031a3c4a2ee3fd.txt,malware,malware,2.1382458209991455
5,exploration/malware/a7ad6e236fd172fba8a5d24fb5c14b077f8496f0f4df6e356c52529e03283e71.txt,malware,malware,1.88942551612854
6,exploration/malware/1b92de76ba6cc161f5662babded85159ceb0fe7c4f43d727b73a557a20be336f.txt,malware,malware,3.568575382232666
7,exploration/malware/5ae80dad1adc18e924d94a6cc9616ec8bf9e8389849ae99bf3631e2476a8472d.txt,benign,malware,-0.9067820310592651
8,exploration/malware/42715db290512100f605d921783a0b4bd821cd705322fe187d3240353e179632.txt,benign,malware,-0.19626888632774353
9,exploration/benign/4e526c15684a2c7e327d1a5e54d0fc3d227bd6fd790cc5f495111a09c0bf74de.txt,benign,benign,-0.8421708345413208
10,exploration/malware/acaceba11b1ff21dabc2d385df7fdeb7218e06a92397d681f20c023b84e5675c.txt,malware,malware,2.511876106262207
11,exploration/malware/91bfd07aa55c82b4b95b9a522659b5d48f056ac92991f96e065bc3581a17df47.txt,malware,malware,2.019544839859009
12,exploration/benign/69b5a97bd24aee318b2afc50506bfeced8ceee010cdf8268522ea9b5e912ce84.txt,benign,benign,-1.0409750938415527
13,exploration/benign/f076d0a36e3db1217453392b669d735ff20dfd4ff52778287a4e4a0676f207a0.txt,benign,benign,-1.3212954998016357
14,exploration/malware/b41a1f00f62f6c42992f314840b30312e04ff72897d886f143e7fb8da1fbb5a2.txt,malware,malware,2.121194839477539
15,exploration/malware/3cf5528c66ec3683003cc40ffb6404483ddb062871a3ecddb82e987006798804.txt,malware,malware,3.5086278915405273
0,exploration/malware/106565af9403b3d1b6d62ac444fe46460fa2946e0e269b421ad48b63218cf0f4.txt,malware,malware,0.9791581034660339
1,exploration/malware/479a81651fbc01a5e7ec1385feb8ec47cfd0de15e4df5de703b197ec1a6707d0.txt,malware,malware,3.5176377296447754
2,exploration/malware/4ab961c193975853854041e1b64c73b27397304360046b758472ca60e30894df.txt,malware,malware,3.533862829208374
3,exploration/malware/4179228603c86472d7309858d77be17009cda284fd5fe7199ccb43879c8c3c6a.txt,malware,malware,1.7669322490692139
4,exploration/benign/58b5e00312deee5474cf42f0c86664254ae7123055219c342a80ab5754e48bf6.txt,benign,benign,-0.8734918832778931
5,exploration/benign/ea3492a8c6c7a2510f7c2cd9fe4523b83d4e8d6273f82931d9060f20415d30ae.txt,malware,benign,0.11793139576911926
6,exploration/malware/53db4e824abaee033bbe1831b9969c2340fd84729bb9c3afba33d673a4c4c9ee.txt,malware,malware,1.704188585281372
7,exploration/malware/e63685e14922d37e6bf6134d15e775f7af57e7268ce98c72fafe55c35c76dfd8.txt,malware,malware,1.465869426727295
8,exploration/malware/ffe51dfef7f6357211f4e3b022b33fb43f4dc9fce3faf0d264fde83a09847217.txt,malware,malware,0.6639986038208008
9,exploration/malware/ea734b3c2f52462fc45cb6b737578e164508698e53b316fdd69b210e3af42563.txt,malware,malware,1.704723596572876
10,exploration/benign/f8b29d56375db2665c596014831a0daa7804df5ed2ead414c644f565c6b488d2.txt,benign,benign,-1.2614667415618896
11,exploration/malware/d1a0c725277fba63463dd565dd8d98f69d2b8e598660555ec1249345ff1e4f2c.txt,malware,malware,3.5269980430603027
12,exploration/benign/b207f025c13b2bf433eb5e2f82bd8f6c0c6853c8317fed4ca308d185f4ccd345.txt,benign,benign,-1.055901288986206
13,exploration/malware/5c216bcfd99f19277541e54f3452d4f63a2cee84d04a5ec3051cb80bd5418cec.txt,malware,malware,3.5481040477752686
14,exploration/benign/6faf6bc7caf49873d2c96592db1eb6fd65a19b1deae414640c1f5de4bdad136b.txt,benign,benign,-1.3084444999694824
15,exploration/malware/926e686fc037f4ac11b1996fe4a159caa36973be3e73c66ff68ea6cfcaca9d2e.txt,malware,malware,2.0895745754241943
0,exploration/malware/edc898fe99121282470b40c316bdd62a509b4703419b3aa1f27ead1cf991fd46.txt,malware,malware,1.4311950206756592
1,exploration/malware/67d4cbe60a0d29f62b4c2f7014cf757aede6e71bfba51d246064d6189d336dfd.txt,benign,malware,-0.9168281555175781
2,exploration/benign/b2ded3ce4b19a18844d4aa90b60dfc1a8d3e9cd7649e7478c524d5c9d035fccc.txt,benign,benign,-1.5356273651123047
3,exploration/benign/c906bbbcdc39baeff580b76874f39a8c433dfabd37fae1dd1b0b46f18f4c0ef2.txt,benign,benign,-1.4326350688934326
4,exploration/benign/120278154abac09fdcbb30fa6444dc13224373bf8d42d2c3fa40ecdf5c308757.txt,benign,benign,-0.8943607807159424
5,exploration/benign/d0b55519c39ad283edef2c139fd8b6fb6a61f125883ae83b58d405c859696059.txt,benign,benign,-1.477771282196045
6,exploration/malware/7804b532fa7f319e392b54e76692cceb1c9d535e2f4557730dd88a700ea32d88.txt,malware,malware,3.568575382232666
7,exploration/benign/52def964142be6891054d2f95256a3b05d66887964fcd66b34abfe32477e8965.txt,malware,benign,1.0081279277801514
8,exploration/benign/ab1f26c4c0e9babd0feed715e3d4b835ed68395492f2af089343eeba2005d25b.txt,benign,benign,-0.9264622926712036
9,exploration/benign/46c629e4918166b75671f1fa6a6f467bd1948abbf0e9e4ea30f5d0e5fdfd84f4.txt,benign,benign,-1.3331987857818604
10,exploration/benign/8000b908e67e565d8dfe7a968e0faebc0fac232e9c964173d8ff770f89da95d1.txt,benign,benign,-1.2096726894378662
11,exploration/malware/14afd4408b3de8c40fb4db34a7742bc0ac92d067d1ab9a6df9241417bbe4f6ac.txt,malware,malware,1.5342521667480469
12,exploration/benign/43b1d7cb1a978bd95a2c7e024401e960447883f6033e48bc4c1217dc9ba924cf.txt,benign,benign,-0.2584819197654724
13,exploration/malware/dce47ba7a402fce51189e58255cc3cbcc9d00b4034dd077baeb1ad90f592d8ef.txt,malware,malware,1.3859837055206299
14,exploration/malware/b9de9f8c0944f45026b35402133655e97d9ec2cfa13023926c0caa3102e63fe5.txt,malware,malware,3.5176379680633545
15,exploration/malware/62941c41f5443c7134d61422e7e94f788ce8ee249b080a43f32df81741f7e7f8.txt,malware,malware,0.6464243531227112
0,exploration/malware/48cfe8f660f8a96eacf89df4602bd93df87fd1220bcf6dd1321c6b89a78ce9e5.txt,malware,malware,2.5099101066589355
1,exploration/benign/4ec1e44407cc7874b875e2850962e0583a97486b29578cdd4bcc21d7e1d76004.txt,benign,benign,-1.4818859100341797
2,exploration/malware/5a73b3909e72c6179d9268d7cb86917446bc4eebc71deab46fd5fefa9861d2eb.txt,malware,malware,3.55025577545166
3,exploration/malware/38e7cb1399d2437660525fba12fa8e3bc153996a2e63ae6a8ac2b5bc61578d58.txt,malware,malware,1.6636555194854736
4,exploration/malware/16a58f1af4cafeeed966eda1ad137339dc9ba4625fc70004313d5a80405da549.txt,malware,malware,0.7818505764007568
5,exploration/benign/b4853f76dfe066a5b2aeb3166bac4d6ff1548e9119205f65ac6cab6d165f9850.txt,benign,benign,-1.0552492141723633
6,exploration/benign/373d0778d083a04943032826a3571e5e8d450a9535f5a901db43c791200a774d.txt,benign,benign,-0.7274685502052307
7,exploration/malware/3789d21af78d253d852ddef09701acd5ed404aee31e14f8eb7ec013c6a0f7838.txt,malware,malware,2.146209716796875
8,exploration/benign/e9b57cd27dd150c0ee3d718f64e6210a07e78f91e4a673e259335327ab2dc908.txt,benign,benign,-0.6747035980224609
9,exploration/malware/b9a99ce54df8786862c2d877b18d580e6561776d959e2dc20a148b6c131d121b.txt,malware,malware,1.3905963897705078
10,exploration/malware/87b620874ca713069f7f939075f4b79a55d41e6f58b8220fd708aa553ce0a95d.txt,benign,malware,-1.0532746315002441
11,exploration/malware/6bb9171be3deb813d254e9256f6e6bde3e15e1912dc2dcfc5349d667323a824b.txt,malware,malware,1.7871804237365723
12,exploration/benign/bba0a97a71cce8e07936ef644b34bfd142fa06bd5a3e00c4affbf0596ceddf46.txt,benign,benign,-1.3556392192840576
13,exploration/benign/96e1776c94c1177014f4c46d151e179607a130b217dac3a03a38e5d257f5ccca.txt,benign,benign,-0.8855710029602051
14,exploration/benign/df3e83d365715e889970135cef3168ad205dd8f6d4522cbdd053cb254e0bf8e7.txt,benign,benign,-1.037274956703186
15,exploration/malware/3908071a9ad00deac88e2b13f78d19dc07a5ea8243abc62bed1fe196559c6c4b.txt,malware,malware,2.1092395782470703
0,exploration/benign/f4c14fc2866019ea8367353e30da7912c86cb98da4cdf8d40b669c44a8284545.txt,malware,benign,0.678394615650177
1,exploration/malware/be666aac63402f6a18a789c182d27725d92a990d4a6d5bc537941493811647b6.txt,malware,malware,1.859837293624878
2,exploration/malware/bc93ea1e46aaf54521cd33f7e222fa53d506e23843653cd3d5fde693b498b410.txt,malware,malware,2.024973154067993
3,exploration/malware/b1dc4307b01454432cfc13d2d05336d11e46a54c5dea7d986db20463f94656c9.txt,malware,malware,2.6219065189361572
4,exploration/benign/aae405b76324f8feef9dd73d4d9cd88bd5e5f5242303a785caff01a24511792f.txt,benign,benign,-1.348736047744751
5,exploration/benign/ee01b01fbb047bbeabc6fd119ca91797f00bc7b59d8dab2c7f5a60e6b056972d.txt,benign,benign,-0.11715338379144669
6,exploration/malware/47658262b45d8e89361de78f2ee6b1e8cb649cc6c928ea3e96575f9d4049eed7.txt,malware,malware,1.2708442211151123
7,exploration/benign/a424039a96d86ff186981223fe2e78392135fd2ba7a574d73840c4d56a381e39.txt,benign,benign,-0.7722945809364319
8,exploration/benign/ff9ef3f71807789ab7387c00020b61f7c7ffdcbd7f55d5274bd9d5800b98cad6.txt,benign,benign,-1.2712781429290771
9,exploration/malware/e32e3b0c453da7c1b93e9b45d39ea035b4cec153ff5d93789ac935dac78d3c32.txt,malware,malware,2.6436781883239746
10,exploration/malware/39d288428fa1b1e718d1dfa33e3e943f9fd787305c0994dc80391a362c096258.txt,malware,malware,2.05859375
11,exploration/benign/7ab4a27812e54a0a4ab0a952707f4e185eefe67c5466e9c47d578056e5dfcdda.txt,benign,benign,-0.13720309734344482
12,exploration/malware/d641845cb6ec593115929c426adac3786f8c39fc38a9b3da9ed216d265625f73.txt,malware,malware,3.529370069503784
13,exploration/benign/d76f35dd028617533d4e2a9ef21b0866f0d623f9e14943d9850a8e0bad1863fd.txt,benign,benign,-0.5598703026771545
14,exploration/malware/353f19675146be2dd7cbb854820575b8b91553410c109c3603c45e59b3e2366b.txt,malware,malware,3.5481040477752686
15,exploration/malware/8dedda9151d7da85859294d68062110261247f861cd20464ed6db75815b59b80.txt,malware,malware,3.568574905395508
0,exploration/benign/70985dabcf2497a00eb7fe4c21452bbcf7aa56db01895d130a8dac728b712668.txt,benign,benign,-1.6438846588134766
1,exploration/malware/a06361778048d28c5bf2cadca0f0f3977d199ebee50d62a5d27e3694fa201fec.txt,malware,malware,3.5176007747650146
2,exploration/malware/876a9d9fa5824a56e802e97123d3a4da049cd8ec80be31b9c11f12ea94d688c8.txt,malware,malware,3.556281089782715
3,exploration/benign/e42647afd2747ba0c5a5c2440b5a68a9f0139850782690e1f7f2abd01ff573f3.txt,benign,benign,-1.5797386169433594
4,exploration/malware/800a9bdc4b84123ed8859cd6e902140ec693fd0d99d6f3751e1cd0f95c160725.txt,malware,malware,1.748018503189087
5,exploration/benign/65c24eabb20e0686667eb20ceb2bffd985aa966352630ba549ddd15a1df20ab7.txt,benign,benign,-1.5697150230407715
6,exploration/benign/8fe31269d1acd87ef39cde0b6f82a8a5088bb526eb3e43e1adfde86392901490.txt,malware,benign,0.3675115704536438
7,exploration/benign/37ad74048035735bda661eec2bf47e117c9819698c73546f4ab4eae78fe660ac.txt,benign,benign,-0.5796958804130554
8,exploration/benign/8df9747354421c6cabbfabe94bef66f7ce1c5d8b002b4eb749c8534bc544b22d.txt,benign,benign,-0.2482905387878418
9,exploration/malware/8aa557a317c70a4a1ef3bdb7f6a95be381fbd091b4735c5e9458d1c7f78c8cd2.txt,benign,malware,-0.2303551435470581
10,exploration/benign/b671679adcb94f1075df36ec558fe66b077e77778f8064531c114b300d65ca1c.txt,benign,benign,-0.9610028862953186
11,exploration/malware/c1a2881ea2677b11b39d51547a3af096022370a152fbb2aa8db821f3a6136477.txt,malware,malware,1.9235763549804688
12,exploration/benign/3432b52dffcbb380c081d04554bb3d972d7809c7226713cc27ac04e9df27d362.txt,malware,benign,0.16784997284412384
13,exploration/benign/c3dc71edc05a9e1778bbea6757b65c1f9b2f491615cb68ba686eedafb3afc0f5.txt,benign,benign,-1.2529387474060059
14,exploration/benign/1f49ba3bc8f2f78a2d683c02b34023b61b3bf3464fc15b629dd30b184e49306b.txt,benign,benign,-0.8481904864311218
15,exploration/malware/80625b098a0e2424be0938091e9cf6b1ecc492a0d66d1daa4ac40130501f9eff.txt,malware,malware,3.546328067779541
0,exploration/benign/b5703fd17c3ae58ef1f0efb174c8d6f7421c1b6976d1d963327e57675b95a28c.txt,benign,benign,-1.0524930953979492
1,exploration/benign/4eca420c432726b177f36ef2e26165cd97c690c872cb5f3f19415cb7473e8ada.txt,benign,benign,-0.04684888944029808
2,exploration/malware/0d56d83ccd3717e21b20cc8432903aca25a4f2970bafb658b12d75f1c18adc70.txt,malware,malware,3.5481040477752686
3,exploration/malware/5f7f14b6fad9ff1069621fb66958d2f1ad67b3344d2b323617a22cbe28ff7bc1.txt,malware,malware,3.546328067779541
4,exploration/malware/e69dff4d21f506e1e42007f7bcf5681292b329cfdaa98902122544f433c463e4.txt,malware,malware,2.1351563930511475
5,exploration/malware/2cff09d47f65d3bed945ac14c9647f5939c0ac7a4d86f2c091f9e8af4a6051a2.txt,malware,malware,2.02522611618042
6,exploration/benign/6bb70e81edc34e15d9798b317300d7758042db033a91efd7a40efa5e45a3cfa5.txt,benign,benign,-0.9444863796234131
7,exploration/malware/698ff6cd4a1032c26c99f333b98e947c56bd51167a09b7733928ce16d7318d73.txt,malware,malware,1.9110310077667236
8,exploration/malware/7d0171d37e226b3c63077aa1a4c2050c6b9ef8daeb1cc7e6ebb245eb898446c1.txt,malware,malware,3.5360281467437744
9,exploration/benign/6740a717633566873388570d00cf64676f8249f65006bdda0c8e90a426655458.txt,benign,benign,-0.09887216985225677
10,exploration/malware/42bbf2c26d1d3d851ea781dadcff2c14f73090bac425e71b4936e38aa0e21206.txt,malware,malware,3.568575382232666
11,exploration/malware/a95c08840a23c12e386454333d56192b3e5c16f6cc57d7fa6000294731d97a34.txt,malware,malware,2.126495838165283
12,exploration/malware/4bed2495c6d721edb26c61781d9e7ef37e95d1adb103f99b4784883907921c97.txt,malware,malware,3.5481040477752686
13,exploration/malware/99aad015606a192e7feea9612b725ed62d917c1a020d94cacf6944e30f59c1d7.txt,benign,malware,-1.0112366676330566
14,exploration/malware/ee2457f1491cee086c0f13cde7e731c2fee8a09b970bc12d990bab294d9bb016.txt,malware,malware,1.7337746620178223
15,exploration/malware/65e7af0e1b19fb19c11e5836c375b703a22f67c41de974c3de89a8e26b74863e.txt,malware,malware,0.9151551723480225
0,exploration/benign/4efd6c2d5692fd45ca167fce0b8a07f87e89862a6b4e2f04ae49d4113539440f.txt,benign,benign,-0.9890903234481812
1,exploration/malware/94c15ef428966485b95181069f593131fc5b31ed2bd940a580e70214c06150c3.txt,malware,malware,0.5997039675712585
2,exploration/benign/c1409cf7edc4ae0df90deba32e1087ec4fca5052809197edafb417a58172c0a5.txt,benign,benign,-0.9823126792907715
3,exploration/benign/2b70c56855937a6f0ff82113f8d934641ad9e829b976a4435c805f42b349bdd0.txt,benign,benign,-1.2620699405670166
4,exploration/malware/5a7f019ebc03ab96a85dd43c3b73d5e57bdcbea91f3a5530115d5d1c17faa4cb.txt,benign,malware,-1.7069523334503174
5,exploration/malware/a0a3695a4eaf4293c813617df846916f2c3ba462b21d6e1078cf7c4d98cc8812.txt,malware,malware,1.9271817207336426
6,exploration/malware/94c215bd43688ef04f9129331dc6ba5cfaf6b8929b166d47bb0ebf2b662b1dcf.txt,malware,malware,1.423689603805542
7,exploration/malware/648ad160c27c986aeb534efeeb098fb6997580fa2e93991a22e778fc39bc4a7a.txt,malware,malware,1.5972228050231934
8,exploration/malware/603dccd92efc6757fb57afe843e8a86cbd7af8d5343eca0fc5a9251d20e8d240.txt,malware,malware,1.9762988090515137
9,exploration/malware/b2a89f2143f515be7c60b2beb73f940a14044f133419d30ead19fa9e35092e4e.txt,malware,malware,1.5957670211791992
10,exploration/malware/88d3739ecfea44db29f47aa49d6ac4adff88395dcdcfdff5bf6bc4ca467b45b7.txt,malware,malware,1.9200520515441895
11,exploration/benign/26fa2a7473445e296ebb56322d8ea2f5653eb9050b058032b9dc5cd33a690d13.txt,benign,benign,-1.3766984939575195
12,exploration/malware/ce08a602a8437ca83480d55112b54ab821625b475cb954656fe4a37bdd1074d1.txt,malware,malware,0.0382121279835701
13,exploration/benign/ae8b7135284c9f111b34bf7ef631350b98f35298adafd7269bd364f63bb74b2e.txt,malware,benign,0.5998515486717224
14,exploration/malware/4d2ad8e0bb6979146f1c930632ed732c26b7629c5167ff02bf51be7ddc6424b6.txt,malware,malware,2.0961854457855225
15,exploration/malware/63beaa7b097960688243dd23e686e532e42aca2228be3f66f9ca0a5d1c0728c1.txt,malware,malware,3.5176377296447754
0,exploration/malware/2acd7216c35632db94efedb75c6d343b89aac6147d4556b6cd7b238be1a7db50.txt,malware,malware,1.5449435710906982
1,exploration/benign/42f9e10113f04d60ab45760862f8c371e9d1a3f5f6f3d9457ed5d1f299bc0a38.txt,benign,benign,-1.7837409973144531
2,exploration/benign/6ec6507c9d9332e7d98f7ba4c14d8fa326e581894e266c72841cd4c2dc894bbc.txt,malware,benign,0.35292452573776245
3,exploration/malware/4892f25012ddc42495bcce00b99e53ef48571960737879316601a9177250bafd.txt,malware,malware,3.568574905395508
4,exploration/malware/ccaa56ed84aca05d66d1a5433d1fad4f05e61bcf47e9d5bb841a98489bc3c301.txt,malware,malware,1.857753038406372
5,exploration/benign/f5dec030c7e98a32f27015300e410e3999b0ccf1741410a2563d9489d98d1769.txt,benign,benign,-0.7989395260810852
6,exploration/malware/2d0e112eefc0d5e4fad72d32ad952a9b04a6c13e19fc3aa26a55e07c99d2a63b.txt,malware,malware,2.160778045654297
7,exploration/malware/973f2cc1157085a7ce1286e450b366fa9371384915c533fea99290178a322896.txt,malware,malware,2.3339884281158447
8,exploration/malware/3a5f6250a535e71652a86a54b170040d1f263a87a3af8bef5a92ab5f414f69e9.txt,malware,malware,2.519432306289673
9,exploration/malware/9ba018f4892566b39f9055ab33e49749ecc8b69470a82fbe67e51630fbfe7557.txt,malware,malware,3.507897138595581
10,exploration/malware/b0057666617cb7d31067cbbc4d23308a469f08c88069bf10a6128ff91dc332b8.txt,malware,malware,1.7832403182983398
11,exploration/benign/a5d76d29280af398aeb406063676620060a5d0cb28b2d33d917f41a5c06e4d84.txt,benign,benign,-1.1380095481872559
12,exploration/benign/d33281f6c857aba988c049950c07dbbfb034fdc58649dc00869ef1fddbdcb074.txt,benign,benign,-1.0090185403823853
13,exploration/malware/0741397423349cc675bd086590e5adec15a822e5388e6ec3e60aa3a97d4f77a4.txt,malware,malware,2.1091136932373047
14,exploration/benign/6b9fd5fd1fccd516aa8034ce8c1ec62ac7470f8b77b06b23c7fea2421f254ef7.txt,benign,benign,-1.0981576442718506
15,exploration/malware/a17ca07aa8b2e956229408744e1ae294c8859aac683b44e3000b65d83827e535.txt,malware,malware,2.159252643585205
0,exploration/malware/ad78d5a2e728a0c0f18ad993125a93593034751248e8860a46c035e05943ee14.txt,malware,malware,3.5346927642822266
1,exploration/benign/8ac39a906e4abe5d8c59f177c5ab92118f32fe0935c625a15a99df05998c381a.txt,benign,benign,-1.4818999767303467
2,exploration/malware/08a5f122414c5d6035ac4fb48bef138fd2e26f4bd4f424e0eb7c70f7de4373a9.txt,malware,malware,0.8716438412666321
3,exploration/benign/4af3efae81865be6f458e37dfe10e31617f2151b51df89cb699aaf6ee06507d1.txt,benign,benign,-0.6257611513137817
4,exploration/malware/39e7aad88411d9987e19d30b75b4f350c5b28445d728f8fe96225350f189bbcd.txt,malware,malware,3.533862829208374
5,exploration/malware/65dea5696459ce41055d21206ee52092795aa2b93b0bf887bcae2a71dc2a6688.txt,malware,malware,1.8905370235443115
6,exploration/malware/d70875cc2f9e7b41dbffc1ddcd466f706ebe0d8e9772328369fa2425dae5da01.txt,malware,malware,3.546328067779541
7,exploration/benign/2653daafcf471d82e362572216b8b11ac37dc44c3baefc3c30a0c0c88f882af3.txt,benign,benign,-0.6252999305725098
8,exploration/benign/52853793d20bfc3c53763aaeac55b30a7bddccfb9fd87d39f97dd0afb5fd2001.txt,benign,benign,-0.9341751933097839
9,exploration/benign/aef07a66bf0542b0c4641a595b9c72adb6623c9f7f4a35ee5238068e090c178e.txt,benign,benign,-0.3646019995212555
10,exploration/benign/dec0efefe7749ab45c541f8c2c0bc4fa946e865025e209e58a0dffa41d87baf0.txt,malware,benign,0.2800672948360443
11,exploration/malware/5f2dc55985786b5e4e451f19fd12dbcd93ed9da1f02e5b4cea356008430765d8.txt,malware,malware,1.6908817291259766
12,exploration/benign/b2a4ad4798937c89922dba29ceef46b62e6d220ceb847502402aa1da4ba0593f.txt,benign,benign,-1.2650458812713623
13,exploration/benign/cb7b6ac768a5692655cb527df464278207807319e8b81671510e3b2964a621a2.txt,benign,benign,-1.4697706699371338
14,exploration/malware/3f08d12d5be44ddf88650fce80a1539e1a9bf22c1b764a08194580148980eac6.txt,malware,malware,1.2116382122039795
15,exploration/malware/07afb233fe5b7b8b8922901abdca668432ca71161c50dd37051700c43114c7c5.txt,malware,malware,3.507897138595581
0,exploration/malware/c1c9f041de4160c4145f04dd8ddfe40222baa80404339edb75eb965868a95247.txt,malware,malware,1.8880162239074707
1,exploration/malware/77c2da11b26225199990a47fe58172fc6fab8afbd7454fcec84bc4fd207eda37.txt,malware,malware,1.8901629447937012
2,exploration/benign/b485014e1dcb4be9fe508c27b8cd2c5457d56f65e2435e1f162ebd477698b6d5.txt,benign,benign,-1.3141593933105469
3,exploration/benign/86c8b86a80e911bb63d7a78b828bf45a02afb5c9ab271906720feeec7c24fe7d.txt,benign,benign,-1.3565313816070557
4,exploration/benign/d09b28044abfb507aa6b79ddd742cb4cd4abf3cef6e0e40bb6cebca2a8cb8fc3.txt,malware,benign,0.30286338925361633
5,exploration/malware/f980f646e61fda1a2da393b5e072a15b4861f8906d5512b269eefdcc33b6bfd5.txt,malware,malware,0.7688353657722473
6,exploration/malware/253b52504d0fd554c047e09f9b0167803d565c5bdad3f8cf7e449e5f341e960d.txt,malware,malware,1.9550561904907227
7,exploration/malware/05696c6f03ff6885d067b9c1eb246e0f041412f7b084df5e2873ee70bc44fd3c.txt,malware,malware,1.8899528980255127
8,exploration/benign/c34cc55cb45a4721c16e724df45e21f772506e463d7ef79fd67d4db412973b7c.txt,benign,benign,-1.071656346321106
9,exploration/benign/c719dfc0faba60957d7933fbe8018407fddc0f7827704e289e51ff2de03ae0cd.txt,benign,benign,-0.31121397018432617
10,exploration/malware/826f396d2b88ff3e6f70a910a4e333eedb7203288490a637e40d6e762f9f8774.txt,malware,malware,3.5481040477752686
11,exploration/malware/b86dbeead185517c370c5a7a2086c2b68b6d602f749a82ac518e3c8020b33c4c.txt,malware,malware,0.7673977613449097
12,exploration/benign/667fba10a1775750b3b63be899f4b097841c71ce531f52366bd47b6b4c474a0f.txt,benign,benign,-1.5680153369903564
13,exploration/benign/0bf9cfc88d56b52982655b56d577f69d2ee4b136908684015001c52c64f0a84b.txt,benign,benign,-0.42637553811073303
14,exploration/malware/80a66d68393a148904b1c09797e38ac08bb97c622c7995c4c49f7c1b8268216a.txt,malware,malware,0.8725922703742981
15,exploration/malware/6f0a16f97af7e9365788fddf75e6871899880587b108290ef7de5cebeb63fb59.txt,malware,malware,3.568574905395508
0,exploration/benign/69df4166f03247f9694d0300db13485c0c6e4a4cf1b6968118fb4f0f9cf846dd.txt,benign,benign,-1.3343846797943115
1,exploration/benign/5557f65b4b69c3e332f244dd0138fa4620f78abaeed6230ee1c1d0bdfcd1ef57.txt,benign,benign,-0.7604551911354065
2,exploration/benign/7c2d18e6f7d03a7a94251043ac6f5a46e61586a34d1176e6192e2be2967c3a8b.txt,benign,benign,-1.5309839248657227
3,exploration/benign/cb548e26ed3c9a1550374e66b497d68f80a2e8129f098d77cabc4c25698c4347.txt,benign,benign,-1.5829086303710938
4,exploration/malware/df5264d35d2b2aebe5ac70886bd4cc84db087a501abbcecdbb779122b321e6ec.txt,malware,malware,2.0218698978424072
5,exploration/malware/fa0ea6ef3f39d866622a13948a1cc2f33e46be74f2a2bdc3345d3e50a087810a.txt,malware,malware,3.5269980430603027
6,exploration/malware/28a6997edc8c86ddd4dfee5737ff95debc49a898dff01c67c4cf157bae4273ca.txt,malware,malware,3.5233845710754395
7,exploration/malware/2eeeaf49f221de58e92679d7050bfc2477d635b9a93836dc9be35c0149d3ed76.txt,malware,malware,2.6219065189361572
8,exploration/malware/b255fe0b75dbb0be96c362b79b385e66db0c8fb84af8e8690acfd258973a0d99.txt,malware,malware,1.8716762065887451
9,exploration/malware/ad641a90df642aaac7eb751c668a80813818102ac739d3e44cf21ad92e92feed.txt,malware,malware,3.5338633060455322
10,exploration/benign/75d348a3330bc527b2b2ff8a0789f711bd51461126f8df0c0aa1647e9d976809.txt,malware,benign,0.08680488169193268
11,exploration/malware/689c60852a6f4c8589cce35fd85550d50ad98d6053c05a145be8febc40068211.txt,malware,malware,1.3006315231323242
12,exploration/malware/ca338a8f88be3d3d82a1dbbea237acfd9de8730b77f51f166434a8f58cceffed.txt,malware,malware,3.5423922538757324
13,exploration/benign/9d535589dd8c68044fb45c10d2d1b63df28baad16d1d0ad4b187c91a23ee9c87.txt,benign,benign,-1.3918414115905762
14,exploration/benign/3422f2fbef0b4135b4e85c7bcfeaccc2a399ab2681080bc53733628af6b215b6.txt,malware,benign,1.22304368019104
15,exploration/malware/f6b4ae9f72f2cd82c27aef10e844d67db984ae15912401457f66af47feea0433.txt,malware,malware,1.3490548133850098
0,exploration/malware/a713b698f9f9cd5227c70e67fe9957ab60c8205b9391db3fb4073352d39db78d.txt,malware,malware,1.8895492553710938
1,exploration/malware/1a13a6bc3268982cc295e8dbe8bbe9ef489a03b5bca7f33b684b5dca2dc3649b.txt,malware,malware,2.316235065460205
2,exploration/benign/8677154abfcd9590574f243380dc8d62f40588a170fd5bd25711e09584443716.txt,benign,benign,-0.8305535316467285
3,exploration/malware/b47a6853f5ab0b5042ffe9d2b4ef1c57607df72a7ee6e2d3ebb786606a74a6fc.txt,malware,malware,3.568574905395508
4,exploration/benign/647b982e39269e0aece005227fe7641fa2e21f54a290aee1b8b5519f05d97bc0.txt,benign,benign,-1.2719142436981201
5,exploration/benign/0c8af4bbf3e29c4ab7dd8372725a931985b669d15b82615ab05838ed348bf558.txt,benign,benign,-0.516441822052002
6,exploration/malware/9018c6704dafccc44dc2be98cdb5a09667b43ecaa2060114031e0b3d1c311568.txt,malware,malware,1.6524648666381836
7,exploration/malware/967963c655388dbd1020f110d14496e67dde7fa16c3ec0ea2d0b09d3a60b4fdd.txt,malware,malware,1.992511510848999
8,exploration/malware/354c1e6e10b27dc2c34a8a411e4623076891f8f49bd3777e9f4ea15d688fa07b.txt,malware,malware,1.4080069065093994
9,exploration/benign/89441cca04cfaebcacaa194a59d78e1fee62fc3c608704401a2dd1035d71d8de.txt,malware,benign,0.06946027278900146
10,exploration/malware/12c14aba428ccf0b9664793dd1d647ecbc44d74513538e72289bdae0bc048d28.txt,malware,malware,2.1284565925598145
11,exploration/malware/3a5fb57b90d29b207eab89b0ab044ae07ad228d258d91c208baa88dd8acb0054.txt,malware,malware,2.1560311317443848
12,exploration/malware/93c05dee7c2a5655ae78675e0ad8e29fac48c38778a1175c710bf1c9245bcd22.txt,malware,malware,1.5986497402191162
13,exploration/benign/492221cf511865f5f26b2a3acab04d136b798fa93356123469e7a6d4acb6d6e9.txt,malware,benign,0.19073432683944702
14,exploration/benign/b626a7ccb68165b2dc38665f84d9d4d6ad9f34745cfeb4fb734dd9d780d2144b.txt,malware,benign,0.39809495210647583
15,exploration/malware/70cdcbd269885b98fe9af8b3b3d72308addf81e89f18684da2eca1d406ad5496.txt,malware,malware,3.568574905395508
0,exploration/benign/769b372eeb56fcbd790a01ee345f20c31912f71d59d4d9fd0d22f6d9898c679e.txt,malware,benign,-0.0029692798852920532
1,exploration/benign/d45240802269cab2ab6ceb71a327113f7366ce173559b1c9456ca5d5ea63bf8f.txt,benign,benign,-0.629883885383606
2,exploration/malware/050eb7374d5592aca792214f3d927dde50fcd7d0cbf074a7d60fb552d81be4dc.txt,malware,malware,1.734985113143921
3,exploration/benign/af647fcba328c6a41c6512dc34248b7c0413d5db337be2cba1fc3761855ddce6.txt,benign,benign,-1.0333514213562012
4,exploration/benign/6b9131d94ed31f838b1820ee67f068c4741b69d5c655587c89c9477986bd270f.txt,benign,benign,-1.031321406364441
5,exploration/malware/64f60957d37b3e6f918101bfec0c96ed7b4d991255603e28033b6b8ecdaed233.txt,malware,malware,1.6182687282562256
6,exploration/benign/86ee28923d4e7255762442fe93f220237197a756182ce320f5f6887b5c7147c5.txt,benign,benign,-1.124086618423462
7,exploration/malware/fed13a1a2cb2fae031f672ea68e12ea04924a90cc06e554cf27b9b1adf2848b4.txt,malware,malware,1.6073589324951172
8,exploration/malware/ca55c345775b1d2ba4d1c481a8438a8c60d7ee4d0327e79e557390b6f02b3361.txt,malware,malware,3.5423922538757324
9,exploration/malware/7711ed94e1fd1866beeebacf3208f32e42d2369741d8a510653bc46d4143bc70.txt,malware,malware,2.1946494579315186
10,exploration/malware/2acaf33615e25fd98243a861955b9418e012e9d4f048923975583a1115095c70.txt,malware,malware,1.6350443363189697
11,exploration/benign/fdb94cfe79f802c24a9e758699a241cc17df084e10638a210822aad25ccb8f50.txt,malware,benign,0.5655646920204163
12,exploration/benign/3fb239d7ac7719328c58a1eb3ce2abd900949b6f6e5d5db4f95852325bf67473.txt,benign,benign,-1.3436381816864014
13,exploration/benign/2acf8f6f068976f75dd70e6195f8a94c3e623a0137c99d78f9055a5dbbbf75bf.txt,benign,benign,-1.1689941883087158
14,exploration/malware/3e5c14ad94ce48632ee44ab73b26c617652c18482daae85a8ed00fb11567b100.txt,malware,malware,1.6824951171875
15,exploration/malware/793b9f133cfb8d915bbf4adcbc0f1a85aff9b3b120df73110351101fccd28d7e.txt,malware,malware,1.8903887271881104
0,exploration/benign/ab3beb52eefa353ced0055f7027b39262372197864b6d1b5bcc1dc3d14a3a1ce.txt,benign,benign,-1.4877970218658447
1,exploration/malware/44e218d6ba7dfd96a7df57826414c80c7f7915a4fe2e2c5b2b066a6c4a344fcf.txt,malware,malware,1.9549269676208496
2,exploration/benign/9292535bb8c3fe6006e25781381caff773cfcf64a0ed1ebf58674d3dd8aceaf1.txt,benign,benign,-1.550607442855835
3,exploration/benign/52fd1baa60c9e16af74b9e71800d763eea08fd6f84a2b609f6abc4838bccf20e.txt,benign,benign,-1.3238799571990967
4,exploration/benign/b596ad2fa8cf15a52b4a18838803e30888c578f04c06a9b115c43f2b515963db.txt,benign,benign,-1.7001667022705078
5,exploration/malware/ae38d29c88d05665b92da9030a217ed6c1eed62d40dd033ce5a2976a4c5d54a2.txt,malware,malware,3.568574905395508
6,exploration/benign/699587c3762e20354daba4ee9f20d7fcaa257f6a1007d0f9fe8a89c8797f910c.txt,malware,benign,0.6420657634735107
7,exploration/benign/bcc0cc3013ea2916fc8215a84e8b47a5ec7b733bbe414c57629e507ab89f50ba.txt,benign,benign,-0.4521884620189667
8,exploration/malware/dd83e7d481f235f63fba54f677ede46ee32950b97c9223077c5a1052010dec4a.txt,malware,malware,3.5423922538757324
9,exploration/benign/2367031635d27b6dd8645d914beb88600b1183d5fe87a04e1766ebb230cbc588.txt,benign,benign,-0.35304462909698486
10,exploration/benign/8a003a2f25c4d464c9123cae4467afd4b50cc05287b370c53494c472bfbc8b48.txt,benign,benign,-1.4993467330932617
11,exploration/malware/97498bc8fd5b9fb99c1ae35430002779669bb0862fa155dfdaafab0e73198c65.txt,malware,malware,0.8155089020729065
12,exploration/benign/5463e1487d69e3f0cb372cba067270bc39639bd8c8b333b81f99ae26ae3e881d.txt,benign,benign,-0.34395402669906616
13,exploration/benign/6c29fa22f01232ee015ac027338ce7b69745844fae51d7cde0916acd371f3bfc.txt,benign,benign,-0.9117653965950012
14,exploration/benign/a1290e4f7bedc8c7c0c2519bd005caf7fe0210dd374490016e51ed2381731af1.txt,malware,benign,0.30784350633621216
15,exploration/malware/1888f820f33ccdb29bbc530d7a74645bef56f1ee648f04c7f9e85a7178ec36d8.txt,malware,malware,3.5423922538757324
0,exploration/benign/63f0221e6bc2cc48d63f079c46bc438e2c21f5267ce3ae11915d4e8150a640f1.txt,malware,benign,0.31989163160324097
1,exploration/benign/513c8fdd0e211a18c25836f041ba0fcfb1dddf472ff91b72b6a15eb049cef184.txt,benign,benign,-1.4827110767364502
2,exploration/malware/4fa554b98409a65dd08714c6eb54712d6f8e4349dc2c0c2307619aeb8ad80245.txt,malware,malware,2.090999126434326
3,exploration/malware/661ffb7dd1ecfe1630c67724b235ac48ec3fd1d8eed9253be5957bf4856ef090.txt,malware,malware,3.5423922538757324
4,exploration/malware/345841f6f97888b836fabf337c81bb7ed52ef401e0cfc2c77661516c260a0db8.txt,malware,malware,2.6436781883239746
5,exploration/benign/c7269592ece77706917a1242e19690f7a9f92f213f4a00540827591e4b2e3abb.txt,benign,benign,-1.3055028915405273
6,exploration/malware/e820d88c1708d6dc1fdc43deb65b1ed1928f4502e3bc628b73a5d978850e4bfa.txt,malware,malware,2.138096809387207
7,exploration/benign/8e9353fc3c070861eb933c7c33f2d08d7c015496e81b90d48d9ea6d6700ed1ed.txt,benign,benign,-1.0446908473968506
8,exploration/benign/4cde1735b0bd09f0ad3ca84856ac023f212bc5732dcb19f8ccb1aacb0f75bb61.txt,benign,benign,-1.485706090927124
9,exploration/malware/55a34cb0b6aebfc8c5337b7b8eaf6ecc16ebdde3850ed362ec827c38c7113573.txt,malware,malware,0.816291868686676
10,exploration/malware/552ef4420ffcc2448f36f314ec799baad7348708465d3efd965083fd8a168b67.txt,malware,malware,1.6734986305236816
11,exploration/benign/ac4ff37b425f41428c6c672d10b0e4b9f32f95879eeb8b5315c6999163ed8c73.txt,malware,benign,0.3594481348991394
12,exploration/malware/cee001c96e80548e13a26754732f7a53ac5ea6e6e6c4f0e04d0d9c3f384d3acc.txt,malware,malware,1.890618085861206
13,exploration/benign/392b91d6f81850708be8fe0cd10ba983a50d0ffb51ec40af56008333fc43af89.txt,benign,benign,-1.2742340564727783
14,exploration/benign/bfb60968447fd09d11aa5cf30add3e591bab3d69da10d9ef178eb68db966f157.txt,benign,benign,-0.9981215596199036
15,exploration/malware/96ea6a3f6e643de034b2d92aaefb9aedb096fea5914f43059ac3a234b2d804b5.txt,malware,malware,1.0071032047271729
0,exploration/benign/f44f5ab3498c21b098c8d2d823f29c990113b9ef98d429e0c0eed152d5761bfb.txt,benign,benign,-1.3127048015594482
1,exploration/benign/346fb6819d138bee09beb553c8ea03c46418f963acae909997e365c07e0d6519.txt,benign,benign,-1.2802131175994873
2,exploration/benign/6771a75df81f13fbae25d95cab75541a4f132ef7eaab1e501338e75681de3ec3.txt,benign,benign,-0.3425652086734772
3,exploration/malware/a105ed7f8be876d9dde7aa7d5dd3f267caee0468b733c0480a497868cb83dcea.txt,malware,malware,3.5176377296447754
4,exploration/benign/af535d2577e5b48270fa8af03579b8fba2176d4e3e777c68894bf6a0aea3eefb.txt,benign,benign,-1.0822296142578125
5,exploration/malware/28f898453454d33794fbcd1d0523a6fa23454dfa5647116bf10894e34a6b2aad.txt,malware,malware,3.545832395553589
6,exploration/malware/b0b3cc66df1d03f2c731044232f5aa94758a42607da770a80e917b691eb1423f.txt,malware,malware,3.5176379680633545
7,exploration/malware/dd516ac48f0f3d891eeb9040cd1f8b5db85f8cee6429a316f9b4195dbfbd48fc.txt,malware,malware,2.1359992027282715
8,exploration/malware/39025bc603f7dd47ffff78ea9f6f97bf705a04d83725a0e2993967461907d823.txt,malware,malware,3.568575382232666
9,exploration/malware/2f6a389de60e0d8cbadb9fb6be9bf84b3d78a14022411b5b13660351c9cfa2be.txt,malware,malware,3.562432289123535
10,exploration/malware/45549ae0cee3940668d5f0a1b105eb5c8d6f8530c218502819f6b0af47fd3e40.txt,malware,malware,3.5176379680633545
11,exploration/malware/339870a52cd23a552ed138792509ae951c0c103560ab80f739ebd44733012a03.txt,malware,malware,1.6416239738464355
12,exploration/benign/4ef9eb58224457492f674fb550761cd13b7e6031186b801577194a05719d4f43.txt,benign,benign,-0.48548877239227295
13,exploration/benign/729d140140c3af5b46031f1a7652b159b08721afa80776f17afe73633800afc1.txt,benign,benign,-1.2534878253936768
14,exploration/malware/3e6bbac3626d24efdaf75734f9e3c6d6e007206698f2f570fb69f7125c9d91fb.txt,malware,malware,1.8760943412780762
15,exploration/benign/7690b3f141152e6bebf78096aeb63413b8bf76f7c9bb09f70e1759705de79b34.txt,malware,benign,0.52071213722229
0,exploration/benign/22ddabf71254d873f6aef02b12e5c4923bbafe67a9c7e2f394fcf863813230be.txt,benign,benign,-1.2197723388671875
1,exploration/benign/cec17835c639bb9a9eb1714971b4836fd143403d182d46bdf9ddf204b7e1f30f.txt,benign,benign,-0.7044116258621216
2,exploration/malware/abfc4c709a7f62fdbfd06c14f62b8277df0dde31ad90192651edca4ef633e4db.txt,malware,malware,1.8882434368133545
3,exploration/benign/282f6f7fb0c5b0de73b72301646791901ae28c8c69cc25cf47b2ff773cb5dc20.txt,benign,benign,-0.06182270497083664
4,exploration/benign/85da776d71387fc7d0db12a3709c4cf8cca0e937cad33398b9d47448154eb92f.txt,benign,benign,-0.7713045477867126
5,exploration/benign/0704b67194c1ac90f93c62cd00d1742dfb0069dfc837657e29c63884a989fbb4.txt,benign,benign,-0.06388792395591736
6,exploration/benign/3e917376199b13523dfb4fcc445583d9df0606ad0a6a02b111d8a3ee6b71e117.txt,benign,benign,-0.6102724075317383
7,exploration/benign/809bb93af12ab0735cb76578c0cf7014cc84fadfcbf2a0daad5a73a239d94441.txt,benign,benign,-1.7733113765716553
8,exploration/malware/968e9de58d3f6f985b13498f0a1c53aedcfadc79f3770f3e0ad22daeaa556657.txt,malware,malware,1.9074273109436035
9,exploration/benign/5c1af46c7300e87a73dacf6cf41ce397e3f05df6bd9c7e227b4ac59f85769160.txt,benign,benign,-0.7758686542510986
10,exploration/benign/2b8f77719ff7528fc7147d381d98f0171390b94b85f84f9b4483e9322f140726.txt,malware,benign,0.21174603700637817
11,exploration/malware/2df60b4d72c56b0edb7b4ef6120c146448df601040d39a604da90f0ba03a88aa.txt,malware,malware,3.565307378768921
12,exploration/benign/bc81bcc2425d129d84a478eb842b09552681a23acd1075339b60b4156eb7cd2e.txt,benign,benign,-0.15394555032253265
13,exploration/benign/c42ab04f9d19b18d2d145a32a98e02e8070d25275aad11b3c9917c3cdd370c10.txt,benign,benign,-0.881354808807373
14,exploration/benign/7e9026b8987b75e86652ba7facf088180413c6d1434eeed09fe7b721d04ee080.txt,benign,benign,-1.397035837173462
15,exploration/benign/d344483585dfbca35c3ec890b155c0a956a22d05fbba429362b139c2f1ce2a60.txt,benign,benign,-0.4562409520149231
0,exploration/malware/7862fa27268f4f13e9949017c493dc23a2afe4e490b0fea504c1af795d79e7fe.txt,malware,malware,2.3537511825561523
1,exploration/malware/d8529ceeae099378f20f98031199f13563a1f58c68f3a2e49c629d2354f7c4b8.txt,malware,malware,2.1264865398406982
2,exploration/malware/890c3f1713989413f90f05db3918963dc20e1453f17ce7469f83e0509e545221.txt,malware,malware,1.6834893226623535
3,exploration/malware/0ed72a28ba5bac7f44f9e4519db5f8c8d94076d85a929c2004da1cba99559610.txt,benign,malware,-0.2868543267250061
4,exploration/malware/f5678e3e52773a719c330ccfb4e4f615a6f24f9195ae13fe78f1d26199dd8f37.txt,malware,malware,1.4098083972930908
5,exploration/benign/fb7aaec5041bbe82059d9ade519db9168ca7ec55f1d6bd12e526300a5a8fa06d.txt,benign,benign,-0.5326671004295349
6,exploration/malware/44b753d202afabd818d3002719c8cd497c6350989121213a725319f6c64cf1f5.txt,malware,malware,3.5176379680633545
7,exploration/benign/6dba2e48aacc9b2977159dd63f2d460cdf5781fec590e6b4fac04f6ace12f868.txt,benign,benign,-1.4764981269836426
8,exploration/malware/9c2b07da649bdf7e39f43d568fe716d21332e57976f02ad4da0a777099c23035.txt,malware,malware,3.5481040477752686
9,exploration/malware/07f3928f39cb3c4ea433aec3d89658eda75c466c4ff42e7021771fe661675ddc.txt,malware,malware,3.5423922538757324
10,exploration/malware/805f9592f65202627268749a3d07e3513c7c708c5e90b3b4ff011b276e756388.txt,malware,malware,3.5360281467437744
11,exploration/benign/387d26467015fe41d1a694b0dc9f3a4a52e7e57f4ec0cfc63d636bef1d9f4df7.txt,malware,benign,1.03497314453125
12,exploration/benign/58ca3057238728279442ee5298e640cc97026073403acea93a206c37e5e02e7b.txt,benign,benign,-1.2544922828674316
13,exploration/benign/2b672dd0e086dd4196087712ba0e34af205f518231545646c81d01411fe9bda8.txt,benign,benign,-1.3694391250610352
14,exploration/benign/77e5a7191c67661016b9724de27702246421684e21fe203db08c3484ab36c30d.txt,benign,benign,-0.17768186330795288
15,exploration/malware/7dbd7978080cb1d2f6ec8defe257ec89b0ff739802a20df009ed2223b25ce180.txt,malware,malware,1.7665367126464844
0,exploration/malware/32e030e97d20f5be43ab2df02bdc910fa797c8d8c073feb0a764f960e91b1ff0.txt,malware,malware,2.1383514404296875
1,exploration/benign/1217e3eeceb14ec67b66f0af056733efd7f9ea00213c420bded8d76d6ca80184.txt,benign,benign,-1.1846122741699219
2,exploration/benign/ee9325de9533fe09be00f57b6148453422ca6486d7d133cde03a34e65068718e.txt,benign,benign,-0.6539629101753235
3,exploration/malware/9f951633f2cab8d3c9f1228e81359cb4437a46a744d877c3af56aab31513ad21.txt,malware,malware,1.6757862567901611
4,exploration/benign/6cc0bfebc5c343dfc1d453cba78fbfc08a09de0a00f2fe9c86c0eca9817a62df.txt,benign,benign,-0.06627804040908813
5,exploration/malware/abf3957bb2071f4e87a3c512e1cb5411a429983d289421b3b696c3738dfdf591.txt,malware,malware,3.500990867614746
6,exploration/benign/d066f01806aebbcab980104ae4177546654ef5a71f51a36f6ac19170a31cb085.txt,benign,benign,-0.18259641528129578
7,exploration/benign/c7b38cce9e39f904080a01997029f25eed2dae5abeacae19f90edac0842d0e7b.txt,benign,benign,-1.455458402633667
8,exploration/malware/b37a751c06ffa4dee9a1654675f1636040e24eccf7e47b531af41d6818cb39e9.txt,benign,malware,-0.9165980219841003
9,exploration/malware/c1b9134a804a9abda1e0ccae8f8cc3b54dc7b64c353040cef7683ef1e9db6299.txt,malware,malware,1.9024534225463867
10,exploration/benign/31aaba443b9869e6e68c17125f8d7989cbd762fb38ae3a10e58f4759548a7745.txt,benign,benign,-0.860159695148468
11,exploration/benign/046041aba6ba77534c36bb0c2496408d23c6a09f930c46b392f1edc70dfd66de.txt,benign,benign,-0.655634880065918
12,exploration/benign/c9ec3caaf26a731e3ae6dc4e7b189a260749735c7b0634349fbc5cc406f1f383.txt,benign,benign,-1.1110057830810547
13,exploration/benign/50e2677453fb89b7ba30c1e93a8bde682d4cd2ea37cfc3a8652b5adfead9e573.txt,malware,benign,0.4008018970489502
14,exploration/benign/056ef243d86778e7a84a840a8562f14ae6dcf1a00492bc82c74b2d1e3c165056.txt,malware,benign,1.2084002494812012
15,exploration/benign/8cfb55087fa8e4c1e7bcc580d767cf2c884c1b8c890ad240c1e7009810af6736.txt,benign,benign,-0.7591437101364136
0,exploration/malware/7e217b0890474b2a7c64a609d8fbd05e7263222c11b68cda8bd8f5e026f00004.txt,benign,malware,-1.0553474426269531
1,exploration/benign/b25976b4e32dcc3884ac0c8aa1e8416d483ef8598d232ac788e917f8967ff131.txt,malware,benign,0.8384853601455688
2,exploration/malware/d946dbcfc8c597205097928b6e565ad38d980486a2cb484bc4867b84250ed3b4.txt,malware,malware,3.5359976291656494
3,exploration/benign/79d27b57b5e2128fb96b229198fff3be95816d4495d26d512ec27cfd7406d0b5.txt,benign,benign,-1.4684371948242188
4,exploration/benign/fbfdedb850f535b635f17053f33bad5e5f72785a576ba5a8b1c6adff4488b430.txt,benign,benign,-1.3078505992889404
5,exploration/benign/66e164388672cc2a63fe9cf2b600c901a321dd7c8d8be421a7ad5a3ebca048c0.txt,benign,benign,-1.2754924297332764
6,exploration/benign/467823968d057c72e14cb0dab019c232231b7ecc34f55225b259627e3b05ea1c.txt,benign,benign,-0.4408561587333679
7,exploration/malware/652b4450e81b545277fb1058f7e3db8e134a3a3d71dcb9a4e9bb2be9aeca35d2.txt,benign,malware,-1.07399320602417
8,exploration/malware/5b5ea7a9cf70ac0b0ac474b3c8bcb97d3e3060100bf52a194646917cb73d0a49.txt,malware,malware,3.541768789291382
9,exploration/malware/b3a8feb854aab36f01a88de5c5a4aa789ac03c05f1a578eec40a7a41217f8afe.txt,malware,malware,2.1091856956481934
10,exploration/benign/77a515e1386c93a5d4279ba333c7f5913cdbaf0c93fa53a3d20d28883583aa96.txt,benign,benign,-1.109452486038208
11,exploration/malware/76a59ba7ea2ece65f2fc9a69b4b386f3a3a78b2a74a17642837a19b61a3a4f3d.txt,benign,malware,-0.871004581451416
12,exploration/malware/02dce9c797720514c556ccdd7ab1ea25eab5c21512f9f7e0da4c74d3c8e7aff7.txt,malware,malware,2.349494695663452
13,exploration/benign/c0bff7634b380159a5472a834ef525fc1dbc0c5a7d1893b7ececd2a66abaeccf.txt,benign,benign,-0.899542510509491
14,exploration/malware/dda4ee2ae0aa1c585115a3eb5111e09fc605e6064f236b62a211bebc22447987.txt,malware,malware,2.12261700630188
15,exploration/malware/9e942acdd34bfae38b289e9fa35b7323f897642f50001cc7b44b0394bb5cf193.txt,malware,malware,1.847815990447998
0,exploration/benign/4ac565360c199789ecfe2405a2093a8060e6c2a3478409be627aa7cba6f48951.txt,benign,benign,-1.1324174404144287
1,exploration/malware/44aa2f01b2209ea15123a7cdc57e2076139aebfb656798f7cb166e5cb275f7b2.txt,benign,malware,-0.9165776968002319
2,exploration/malware/fe82493fc45287e69040c9dda5d9b9473942e4796bc028cb362c477530b49e45.txt,malware,malware,0.6732070446014404
3,exploration/malware/1597ce9060c81d15d05f4f9c8c4dec9c9cf00159126e2b8dbf0f857de97027c0.txt,malware,malware,2.036693572998047
4,exploration/benign/d0f4abf77310561f0fb9e001b776e4e9ac11fcfaf2cbc0c786b4588b6c64a8b3.txt,benign,benign,-0.6076132655143738
5,exploration/malware/3e5e48ff029cf5775af3315d8fb590829b9ce9bad50a4cabc00ad0af163453ce.txt,malware,malware,1.9923229217529297
6,exploration/malware/126578356ffb34d842df17bb945875e755ccccfcfdffcc88c4e67f08147d019a.txt,malware,malware,2.6335458755493164
7,exploration/malware/d80708925c87e186bde5ede9bd455bcabbff74841a3d908ab72956d5d612589a.txt,malware,malware,1.344534158706665
8,exploration/benign/1c309be2afef0bcdba3f3df8a7649127b898987ddac6fb6c69b25fd617f421d9.txt,benign,benign,-0.9753928780555725
9,exploration/malware/a09fdc55f1b9c88e199f402f11d105f4d190135fa624b5a02ae61b500def34a9.txt,malware,malware,1.4885714054107666
10,exploration/benign/5ddb5815973d58798ba373011bf5a5903bfd9b270c4b648032aa7d19153a8f56.txt,benign,benign,-1.3915672302246094
11,exploration/benign/5e7a38f0b3590df5e5476eee02ca0bfe015beedfc1663a85d72d888604fefcc3.txt,malware,benign,0.17550504207611084
12,exploration/malware/fb6261320c4c695e04ed75e08f0f117a5a563c1282057f27de898d8656b4ea9f.txt,malware,malware,2.1561503410339355
13,exploration/benign/6778d6756f384d4cb9e93b058f29fc6c5d8623e0b5ed81ab48cf10464cbd2609.txt,benign,benign,-0.8799893856048584
14,exploration/malware/9575248aa29052cc227fcd209f4b309362fd31ba32bfd673b57c3e32b72c887f.txt,malware,malware,2.353790283203125
15,exploration/malware/9bb92fb23c3221fc732f30e118c0411db4165e25b2d0a4d5e69bfb36c763b019.txt,malware,malware,3.5481040477752686
0,exploration/benign/c54d5a88692421d77d756412135eb48fb6d7d0a453e2603639628a03530ac6f7.txt,malware,benign,1.4826693534851074
1,exploration/malware/6c302b90f49f8456b821371858082a187bc7804245f321eef83dc2f646f95c61.txt,malware,malware,3.517392873764038
2,exploration/malware/bd10357dc8774010dea6c11722448066a18edca892aa1be7ee98384ed3c1406e.txt,malware,malware,3.507897138595581
3,exploration/malware/cfba8ba63b05a47e604cfdeed1373f1708cf035dc61eedaa0372480be36ecf1a.txt,malware,malware,1.7202606201171875
4,exploration/benign/ffb860e143e71b639ce6e78afc0a4e120714fcffbbc8113932daa612e387f630.txt,malware,benign,0.808422327041626
5,exploration/malware/52ae4900d7c7a9a2be7c2a699352c995f1136fcf5260c3c47ccf4d17d8d31372.txt,malware,malware,2.2136647701263428
6,exploration/benign/30fa3790d2049953b8063d77689133c712e58df4cc4f9cbbbddaa96bf79941ee.txt,benign,benign,-1.5380511283874512
7,exploration/benign/0e3de1806def011049d011b07a3a012cecce53cac8ff49f52ecf6db96aa0dcdc.txt,malware,benign,1.832824468612671
8,exploration/malware/26002f82b6f1504bbdd1f622e929a65f926e13c2bcda1f63983fbac92722ddad.txt,malware,malware,3.5423922538757324
9,exploration/malware/30c5ad1c6abc277146af0e37b006e758a36fbb5063d1007dd5e492645c650315.txt,malware,malware,3.568574905395508
10,exploration/malware/3c841b80a9d7e78e6382363b790a472fa0d358255f2cc0bf423323e925b7ee6c.txt,malware,malware,2.2271063327789307
11,exploration/benign/da1968f7ad7f4fdb1bc77713b54f87d3ede41ebbf19bf86f4898eb902bafc30f.txt,benign,benign,-0.9134706854820251
12,exploration/malware/2935ac415dea52089c8c8fc308569a0a994a13b2e7440af611b3db9c062e7fea.txt,malware,malware,3.5269651412963867
13,exploration/benign/322faaaa59d1a8290462dcb75abd05deb645689b4516040a9f0e848e57b92577.txt,benign,benign,-1.5084805488586426
14,exploration/benign/4a43f1eef4605f99278e609a8d372bc2386fb8f63ba6999e3ff5c3b80142a6f9.txt,benign,benign,-1.5243797302246094
15,exploration/benign/3cefaa966d5e204fe6601160e7ba4d27910437bd1e83b8e0e9f2c4c3de210227.txt,benign,benign,-1.29714035987854
0,exploration/malware/ae7ba00293554ea89a256e05b0ae1b50bc09448d88145442d55195a72a17c3ee.txt,malware,malware,3.556281089782715
1,exploration/benign/d8449378c539dcd3ee3abb5d2ae1220f84e324b0b3c37fd430b3d649e225c14f.txt,benign,benign,-1.499711513519287
2,exploration/malware/aa01234fc116003bc8ab7dc553e6d9aad124dd5d3d52db99d14183f113f6a924.txt,malware,malware,0.1483559012413025
3,exploration/benign/59c8343fa81d51d03b88ddc9a881a23ccfe2d7a4ddc29d0f5c68b289fc3b8dfc.txt,benign,benign,-1.611130714416504
4,exploration/malware/2f289e4795a785522093be13c71167e693c004e6361901d757fba8deeee7682a.txt,malware,malware,2.2136218547821045
5,exploration/malware/2ab5785e6cf491e872486258d12f6c7de0aa1e1ab6181e0a134299e17c2ddb6b.txt,malware,malware,2.3680992126464844
6,exploration/benign/d34bb73b3755d7fb4d29054815e36fc3a5727dac5d035eb176d1b4f0bd59486a.txt,malware,benign,0.006999775767326355
7,exploration/benign/2c0537b91ea3df61f7dd353ecf98d80201f2276c1e9c6135b031b0f4cb14e163.txt,benign,benign,-1.2103157043457031
8,exploration/malware/21999794c69351af8b5f34f87c896c344f789932001bd0722042e4f052ce62d0.txt,malware,malware,3.5233845710754395
9,exploration/benign/7fd2d6334786adf1849a096e5709201f708cf981273fa2179b293871be4f3408.txt,benign,benign,-1.2717225551605225
10,exploration/malware/039df929f4cf1496f71a91cc8370f3b35dd2c2b60e5efef03a19d6dc1ff701cb.txt,malware,malware,3.545832395553589
11,exploration/malware/cf06ea49f41037045e229634894442d81fdbf3b69feb2fbfd0a42e44fd7f9dc0.txt,malware,malware,2.198446273803711
12,exploration/benign/76a686c76bdd27776c9180097d5129f88672a1b206c8fdcb88cb5cb03e61c2aa.txt,benign,benign,-0.6162930130958557
13,exploration/benign/a52beaea57b9dd1a642c7cc129b4cb2c0b2c3abcf4221cc1bf4de4cb3c307e2f.txt,benign,benign,-0.540723979473114
14,exploration/malware/cd85bf4f33df12a86b8f88708e5da9c02cedbc58e87c529d6370340fdf3a0f52.txt,malware,malware,1.4098148345947266
15,exploration/benign/42fd07c963c0e20be60de897497fb7783eb25f09480d9a03ea3d462182b08a74.txt,benign,benign,-0.7421868443489075
0,exploration/benign/303b238312b9a5de8399a0f4037b53f02627646a3cbb99b37f383e903f3cd7f9.txt,benign,benign,-0.8142871856689453
1,exploration/benign/39bbaf0755a1f571d03a1e77a578f59bc5a11635270ad758757abbe55bad8e30.txt,malware,benign,0.11088788509368896
2,exploration/malware/bf99bb5d7762cb56a76ba2ed25efa6eb59ae7715a7405fc86e7865d14150bd2b.txt,malware,malware,2.1617066860198975
3,exploration/benign/85e5b1567f105a9c82956a6e2865594c5dab7b932a4835a927190445ab44ec28.txt,benign,benign,-1.0262632369995117
4,exploration/benign/82de969474a42b8180214095219fa488c130e7599e00a472b05f4534a469df86.txt,benign,benign,-1.1217613220214844
5,exploration/benign/5479b276f6cf9781f2935bd8c761ffb19ab9355520de4a7679a3372c3b90254b.txt,benign,benign,-0.6808968186378479
6,exploration/benign/069d020e698f5faaa4912dcf5c2c900d431bf4182ce549c0501af48cae61450f.txt,malware,benign,0.13367345929145813
7,exploration/benign/317bad4e1c85573a0ed69433dc4be1055d61adfba88b18fbdd2289d64183fa6c.txt,benign,benign,-0.9647303223609924
8,exploration/malware/f89298bbec6bf7be869967ca42a54eb8b229d6d14ec2b4bca74f9ababba7c857.txt,malware,malware,1.471273422241211
9,exploration/malware/4c6146e9ed228ef646b28cef589ef4ada49bf67fcc4b7d466925ab9de3edb2bc.txt,malware,malware,1.1651191711425781
10,exploration/benign/33a5b015af1ecd057057eada64b2f8fe3633b467bd43454f5278f76b94cd09ab.txt,benign,benign,-1.126058578491211
11,exploration/benign/fc9ead313b5a4a2f353551677acb9a31b02b028aeb242824bc6e582bb74696ad.txt,benign,benign,-0.9955244660377502
12,exploration/malware/9e1de938593047ff4e508433162d4061f57e6c09bee8b3f7459d1b3685babd8c.txt,malware,malware,3.5176379680633545
13,exploration/malware/5337995cb51d7f35d76220e837c7a090ad752f69fa2a42a37c76af2eff172fd6.txt,malware,malware,2.1000330448150635
14,exploration/malware/44418267a5d9b39d2f45e63f5d3fd0f423cc07f62d2b4f4e1f49ce9d0a8a0c92.txt,benign,malware,-0.715951144695282
15,exploration/benign/45de04fff6b76075a2bf0c2354e4d8951b390cbe72d0e5c53b162228d6489b9a.txt,benign,benign,-1.6106500625610352
0,exploration/malware/4a8e1f194d8e0d7f3379d0fcc528ec14a7ad9b202ac9c27da2bd1b30b0085ba7.txt,malware,malware,1.8961501121520996
1,exploration/malware/4a9a7098711140b4b1a0cf9fe46d62c19699826760781761346e735710427951.txt,malware,malware,1.8454999923706055
2,exploration/benign/23e307174ac5c0ecf419b1a727ad499e1d939a8d2142d1245b7a61e70242ec6e.txt,benign,benign,-1.402080774307251
3,exploration/malware/436c2a5b8f6ef881cd9db29793785c453849adc2f73a199c12a1ce3463b7f1e0.txt,malware,malware,2.524589776992798
4,exploration/benign/a66e2fd953b89254ac8a44c58a52e82cc9f03839248577e15598297b22288abb.txt,benign,benign,-1.3628170490264893
5,exploration/malware/8896ad8d769cc6181196b4042f78f9d13a4919669e52841c2cfb932d4b47a8ba.txt,benign,malware,-0.23176753520965576
6,exploration/malware/7190e0f7b6569bfa75b9b57e9058f6d7e4fb6dbeec846cb9632448eb83283ff8.txt,malware,malware,2.1234288215637207
7,exploration/malware/d6af47f16f2cc66e8264d0b8607f06c8b9180c7b840c9b9589a1dcb60155513f.txt,malware,malware,1.8889575004577637
8,exploration/benign/df23113f3c534e5becbd452bf2ad92cbcf2a92641f775f4f579c91ad7c0ac7f4.txt,malware,benign,0.6214797496795654
9,exploration/benign/cf4c6c14eca09ac8345555b82585c6138f7388de63fcd626b0c19bd88b9231a8.txt,benign,benign,-1.116222858428955
10,exploration/malware/0e00ee21e8dfe001f0b7f29604074fb7537cd19ff6cfc3e4059987ea6977075f.txt,malware,malware,1.9272115230560303
11,exploration/benign/2ea4e14ea0250e212e217cc3663be8b1dde72a181016d6ba9a918299266953fc.txt,malware,benign,1.8963546752929688
12,exploration/malware/0f63f6df132bb7c33689711e01191e18b3bfffb19fa3e2b136aa5ba02fa934e3.txt,malware,malware,0.6501416563987732
13,exploration/malware/628cecc9ddc7b7df4807ccb281c4c0be6a47a3d728423ab65c87d1f96656b5d2.txt,malware,malware,1.8578717708587646
14,exploration/benign/eaec4a2d0a4b47b8037b918ffb8871655b6eb11add21d6816402ea3342a8c903.txt,malware,benign,0.8869643807411194
15,exploration/malware/c523fd9785f968df01f4a76f2219727b093ceef483c5f6dfcdefccae2d9d8125.txt,malware,malware,2.349494695663452
0,exploration/malware/622406f17e17d82b8a5d869d6b775190e35a92183c104a602b754c33e540ed87.txt,malware,malware,3.5481038093566895
1,exploration/benign/dfdcbc5a9cc9e9d6b0e4bc4def90758ffb9011b6c926f02b44d66d2b88dda8a1.txt,benign,benign,-1.6404502391815186
2,exploration/benign/d1aefefde895480da77a0acf146963b8998e350cb0276b8edc1d4fad80ca6292.txt,benign,benign,-1.2951722145080566
3,exploration/benign/0111bddac92a792c7b2ee3ab77642c33df0e01afe737b0d1fa0cbbf331d9572c.txt,benign,benign,-0.638211190700531
